City_ID,City,Country,Date,Lat,Lng,Max Temp,Humidity,Cloudiness,Wind Speed
0,Ushuaia,AR,2020-05-26 20:54:58,-54.8,-68.3,48.2,61,75,11.41
1,Karratha,AU,2020-05-26 20:54:59,-20.74,116.85,65.26,52,0,14.36
2,Carnarvon,AU,2020-05-26 20:54:59,-24.87,113.63,62.2,57,0,15.5
3,Puerto Ayora,EC,2020-05-26 20:54:59,-0.74,-90.35,77.0,83,75,8.05
4,Orotukan,RU,2020-05-26 20:54:59,62.27,151.7,36.86,77,0,1.14
5,Katsuura,JP,2020-05-26 20:54:59,35.13,140.3,68.0,94,75,5.82
6,Punta Arenas,CL,2020-05-26 20:54:59,-53.15,-70.92,44.6,81,40,12.75
7,Baglung,NP,2020-05-26 20:54:59,28.27,83.59,72.72,35,99,4.38
8,Kapaa,US,2020-05-26 20:54:59,22.08,-159.32,82.99,78,1,5.82
9,Benguela,AO,2020-05-26 20:54:59,-12.58,13.41,70.43,78,0,3.36
10,Yellowknife,CA,2020-05-26 20:55:00,62.46,-114.35,48.2,42,20,6.93
11,Lakhdenpokhya,RU,2020-05-26 20:55:00,61.52,30.2,53.01,61,20,4.18
12,Avarua,CK,2020-05-26 20:55:00,-21.21,-159.78,77.0,65,95,5.82
13,Kodiak,US,2020-05-26 20:55:00,57.79,-152.41,51.8,71,75,11.41
14,Yeniseysk,RU,2020-05-26 20:55:00,58.45,92.17,40.84,68,0,10.8
15,Isla Vista,US,2020-05-26 20:55:00,34.41,-119.86,91.4,82,40,9.17
16,Kavieng,PG,2020-05-26 20:55:00,-2.57,150.8,82.6,78,4,8.66
17,Port Alfred,ZA,2020-05-26 20:54:05,-33.59,26.89,52.86,74,92,24.92
18,Ribeira Grande,PT,2020-05-26 20:55:01,38.52,-28.7,68.0,88,40,2.24
19,Lompoc,US,2020-05-26 20:55:01,34.64,-120.46,81.0,56,1,11.41
20,Bluff,NZ,2020-05-26 20:55:01,-46.6,168.33,45.66,92,69,7.14
21,Pangkalanbuun,ID,2020-05-26 20:55:01,-2.68,111.62,75.38,97,100,1.21
22,Palmer,US,2020-05-26 20:55:01,42.16,-72.33,84.99,48,20,6.93
23,Maceio,BR,2020-05-26 20:50:13,-9.67,-35.74,78.8,88,75,9.17
24,Tuktoyaktuk,CA,2020-05-26 20:55:01,69.45,-133.04,35.6,80,20,13.87
25,Cidreira,BR,2020-05-26 20:55:02,-30.18,-50.21,57.51,71,99,17.31
26,Lebu,CL,2020-05-26 20:55:02,-37.62,-73.65,58.5,88,0,10.74
27,Hermanus,ZA,2020-05-26 20:55:02,-34.42,19.23,45.0,90,100,1.01
28,Busselton,AU,2020-05-26 20:55:02,-33.65,115.33,54.0,80,95,15.77
29,Fomboni,KM,2020-05-26 20:55:02,-12.28,43.74,80.73,63,0,3.76
30,Mataura,NZ,2020-05-26 20:55:02,-46.19,168.86,40.14,91,38,1.88
31,Porto Santo,PT,2020-05-26 20:55:02,33.07,-16.34,64.4,82,20,14.99
32,Yanaul,RU,2020-05-26 20:54:29,56.27,54.93,53.02,79,42,13.91
33,Butaritari,KI,2020-05-26 20:55:02,3.07,172.79,82.45,69,25,1.14
34,Bathsheba,BB,2020-05-26 20:55:03,13.22,-59.52,86.0,70,40,17.22
35,Teknaf,BD,2020-05-26 20:55:03,20.86,92.31,81.99,85,23,9.95
36,Talavera De La Reina,ES,2020-05-26 20:55:03,39.96,-4.83,71.26,51,1,7.11
37,Caudry,FR,2020-05-26 20:55:03,50.12,3.41,64.0,47,49,3.0
38,Acapulco,MX,2020-05-26 20:54:48,16.86,-99.89,84.2,62,75,12.75
39,Barrow,US,2020-05-26 20:55:04,71.29,-156.79,33.8,80,90,4.7
40,Quatre Cocos,MU,2020-05-26 20:55:04,-20.21,57.76,73.99,78,20,11.41
41,Georgiyevskoye,RU,2020-05-26 20:55:04,58.73,45.02,49.87,79,100,3.33
42,Taltal,CL,2020-05-26 20:55:04,-25.4,-70.48,63.79,65,22,2.24
43,Igrim,RU,2020-05-26 20:55:04,63.19,64.42,47.28,56,100,4.36
44,Pisco,PE,2020-05-26 20:55:04,-13.7,-76.22,66.2,82,90,10.29
45,Vaini,TO,2020-05-26 20:55:04,-21.2,-175.2,75.2,83,75,4.7
46,San Cristobal,VE,2020-05-26 20:55:02,7.77,-72.22,98.6,30,20,23.04
47,Saint-Philippe,RE,2020-05-26 20:55:05,-21.36,55.77,71.6,73,39,9.17
48,Rikitea,PF,2020-05-26 20:55:05,-23.12,-134.97,75.2,81,91,15.97
49,Torbay,CA,2020-05-26 20:53:32,47.67,-52.73,57.99,76,75,29.97
50,Hamilton,US,2020-05-26 20:55:05,39.18,-84.53,88.0,48,75,3.36
51,Tasiilaq,GL,2020-05-26 20:55:05,65.61,-37.64,39.2,80,100,9.17
52,Provideniya,RU,2020-05-26 20:55:05,64.38,-173.3,41.0,80,75,15.66
53,Kleive,NO,2020-05-26 20:55:05,62.8,7.64,50.0,76,60,16.11
54,Kruisfontein,ZA,2020-05-26 20:55:06,-34.0,24.73,46.94,79,69,14.32
55,Castro,BR,2020-05-26 20:55:06,-24.79,-50.01,49.86,75,0,3.74
56,Anadyr,RU,2020-05-26 20:55:06,64.75,177.48,37.4,86,75,17.9
57,Qaqortoq,GL,2020-05-26 20:55:06,60.72,-46.03,42.8,70,98,2.24
58,Arraial Do Cabo,BR,2020-05-26 20:55:06,-22.97,-42.03,71.6,56,0,11.41
59,San Patricio,MX,2020-05-26 20:55:06,19.22,-104.7,82.4,78,5,6.98
60,Rocha,UY,2020-05-26 20:55:06,-34.48,-54.33,51.94,76,75,10.87
61,Bethel,US,2020-05-26 20:55:06,41.37,-73.41,82.0,65,1,11.41
62,Chuy,UY,2020-05-26 20:55:07,-33.7,-53.46,52.97,75,78,10.49
63,Ouidah,BJ,2020-05-26 20:55:07,6.36,2.09,82.4,83,20,6.93
64,Vila Franca Do Campo,PT,2020-05-26 20:55:07,37.72,-25.43,66.2,88,40,9.17
65,Ajdabiya,LY,2020-05-26 20:55:07,30.76,20.23,68.18,57,0,11.77
66,Popondetta,PG,2020-05-26 20:55:07,-8.75,148.25,75.52,85,0,2.3
67,Jamestown,US,2020-05-26 20:52:38,42.1,-79.24,87.01,42,1,6.93
68,Huntsville,US,2020-05-26 20:55:07,34.73,-86.59,73.4,88,90,5.82
69,Norman Wells,CA,2020-05-26 20:55:07,65.28,-126.83,59.0,51,75,5.82
70,Hithadhoo,MV,2020-05-26 20:55:07,-0.6,73.08,83.3,75,73,6.8
71,Clyde River,CA,2020-05-26 20:55:08,70.47,-68.59,26.6,79,75,3.36
72,Chara,RU,2020-05-26 20:55:08,56.91,118.26,56.01,53,55,1.99
73,Rio Gallegos,AR,2020-05-26 20:54:57,-51.62,-69.22,51.8,57,69,8.05
74,Havoysund,NO,2020-05-26 20:55:08,71.0,24.66,46.4,65,100,1.12
75,Grand Gaube,MU,2020-05-26 20:55:08,-20.01,57.66,73.99,75,5,5.01
76,Cape Town,ZA,2020-05-26 20:55:08,-33.93,18.42,53.01,81,75,2.24
77,Nikolskoye,RU,2020-05-26 20:55:08,59.7,30.79,51.8,53,8,4.47
78,Faanui,PF,2020-05-26 20:55:08,-16.48,-151.75,82.09,73,15,5.21
79,Vikesa,NO,2020-05-26 20:55:09,58.64,6.09,50.0,87,20,6.93
80,Jaru,BR,2020-05-26 20:55:09,-10.44,-62.47,77.34,79,0,4.5
81,Cabra,ES,2020-05-26 20:55:09,37.47,-4.44,73.99,51,45,1.01
82,Pergamino,AR,2020-05-26 20:55:09,-33.89,-60.57,64.0,50,0,1.01
83,Broome,US,2020-05-26 20:55:09,42.25,-75.83,91.0,40,20,3.36
84,Cayenne,GF,2020-05-26 20:55:09,4.93,-52.33,80.6,94,100,3.36
85,Boffa,GN,2020-05-26 20:55:09,10.17,-14.03,80.44,77,44,5.66
86,Narsaq,GL,2020-05-26 20:55:09,60.92,-46.05,42.8,70,99,2.24
87,Howard Springs,AU,2020-05-26 20:55:09,-12.5,131.05,70.0,94,90,4.7
88,Patos De Minas,BR,2020-05-26 20:51:03,-18.58,-46.52,66.99,57,0,4.32
89,Bredasdorp,ZA,2020-05-26 20:55:10,-34.53,20.04,46.4,87,81,5.82
90,Davidson,US,2020-05-26 20:53:08,36.15,-86.78,82.99,51,40,11.41
91,Rio Grande,BR,2020-05-26 20:54:00,-32.03,-52.1,60.8,55,20,11.41
92,Polje,BA,2020-05-26 20:55:10,43.88,18.07,46.85,87,95,5.1
93,Arlit,NE,2020-05-26 20:55:10,18.74,7.39,91.22,28,100,3.96
94,Nanortalik,GL,2020-05-26 20:55:10,60.14,-45.24,41.43,92,100,6.76
95,Pangnirtung,CA,2020-05-26 20:55:10,66.15,-65.71,32.0,93,20,14.99
96,Urucui,BR,2020-05-26 20:55:10,-7.23,-44.56,82.08,66,55,3.47
97,Komsomolets,KZ,2020-05-26 20:55:10,53.75,62.07,55.15,80,0,9.4
98,Fortuna,US,2020-05-26 20:55:10,40.6,-124.16,64.0,88,1,10.29
99,Kaa-Khem,RU,2020-05-26 20:55:11,51.68,94.73,59.13,70,99,3.85
100,Kawalu,ID,2020-05-26 20:55:11,-7.38,108.21,73.02,92,81,1.14
101,Albany,US,2020-05-26 20:55:11,42.6,-73.97,88.0,56,31,4.88
102,Touros,BR,2020-05-26 20:55:11,-5.2,-35.46,82.4,83,20,10.29
103,Mar Del Plata,AR,2020-05-26 20:53:21,-38.0,-57.56,53.6,76,40,5.82
104,Shalakusha,RU,2020-05-26 20:55:11,62.22,40.25,42.89,91,0,1.14
105,Tateyama,JP,2020-05-26 20:55:11,34.98,139.87,68.0,100,100,12.24
106,Shimoda,JP,2020-05-26 20:55:11,34.67,138.95,63.0,85,100,11.83
107,Svetlogorsk,BY,2020-05-26 20:55:11,52.63,29.73,49.37,91,100,6.76
108,Alofi,NU,2020-05-26 20:55:12,-19.06,-169.92,75.2,83,20,6.93
109,Saskylakh,RU,2020-05-26 20:55:12,71.92,114.08,29.26,93,100,17.34
110,Inuvik,CA,2020-05-26 20:50:46,68.35,-133.72,48.2,57,40,12.75
111,Qaanaaq,GL,2020-05-26 20:55:12,77.48,-69.36,31.05,95,79,4.59
112,Nouadhibou,MR,2020-05-26 20:55:12,20.93,-17.03,66.2,88,40,17.22
113,Hilo,US,2020-05-26 20:55:12,19.73,-155.09,80.6,61,90,6.93
114,Camana,PE,2020-05-26 20:55:12,-16.62,-72.71,67.03,71,47,4.32
115,Reading,GB,2020-05-26 20:53:09,51.46,-0.97,68.0,72,97,2.24
116,Georgetown,MY,2020-05-26 20:53:09,5.41,100.34,78.8,100,20,2.24
117,Romny,UA,2020-05-26 20:55:13,50.75,33.47,49.12,98,100,5.7
118,Cabo San Lucas,MX,2020-05-26 20:51:12,22.89,-109.91,82.4,42,40,10.29
119,Dongsheng,CN,2020-05-26 20:55:13,39.82,109.98,49.8,45,52,3.94
120,Shenjiamen,CN,2020-05-26 20:55:13,29.96,122.3,65.44,86,52,9.66
121,Kuito,AO,2020-05-26 20:55:13,-12.38,16.93,56.66,47,0,1.77
122,Cordoba,AR,2020-05-26 20:55:13,-31.41,-64.18,80.6,31,0,12.75
123,Margate,GB,2020-05-26 20:52:36,51.38,1.39,57.99,69,16,1.99
124,Zyryanka,RU,2020-05-26 20:55:13,65.75,150.85,52.09,45,0,9.17
125,Half Moon Bay,US,2020-05-26 20:55:13,37.46,-122.43,93.99,72,1,6.93
126,Victoria,HK,2020-05-26 20:55:14,22.29,114.16,80.01,83,97,3.0
127,Zambezi,ZM,2020-05-26 20:55:14,-13.54,23.1,61.03,44,0,1.97
128,Paita,PE,2020-05-26 20:55:14,-5.09,-81.11,70.7,79,50,13.49
129,Sibolga,ID,2020-05-26 20:55:14,1.74,98.78,79.2,65,100,3.44
130,Ulagan,RU,2020-05-26 20:55:14,50.63,87.96,55.62,65,10,6.26
131,Taganak,PH,2020-05-26 20:55:14,6.08,118.3,78.8,94,20,3.36
132,Upernavik,GL,2020-05-26 20:55:14,72.79,-56.15,29.98,95,37,5.57
133,Seoul,KR,2020-05-26 20:55:14,37.57,126.98,53.6,100,20,1.12
134,Lorengau,PG,2020-05-26 20:55:14,-2.02,147.27,83.68,75,56,8.25
135,Ponta Do Sol,PT,2020-05-26 20:55:15,32.67,-17.1,69.01,75,100,2.1
136,Goure,NE,2020-05-26 20:55:15,13.98,10.27,95.0,31,4,5.99
137,Eureka,US,2020-05-26 20:51:01,40.8,-124.16,68.0,70,79,4.0
138,Sosnovo-Ozerskoye,RU,2020-05-26 20:55:15,52.52,111.54,51.44,67,100,7.05
139,Lima,PE,2020-05-26 20:52:22,-12.04,-77.03,71.6,64,40,6.93
140,Itarema,BR,2020-05-26 20:55:15,-2.92,-39.92,78.71,84,38,7.38
141,Ciudad Guayana,VE,2020-05-26 20:54:52,8.35,-62.65,93.99,53,99,5.01
142,Chato,TZ,2020-05-26 20:55:15,-2.64,31.77,69.01,75,92,3.96
143,Tromso,NO,2020-05-26 20:55:15,69.65,18.96,48.2,61,75,19.46
144,Sompeta,IN,2020-05-26 20:55:15,18.93,84.6,81.81,84,49,15.95
145,Baykit,RU,2020-05-26 20:55:16,61.67,96.37,39.65,71,97,6.76
146,Ardatov,RU,2020-05-26 20:52:35,55.24,43.1,48.96,95,100,11.74
147,Hobyo,SO,2020-05-26 20:55:16,5.35,48.53,82.54,79,2,23.47
148,Shizunai,JP,2020-05-26 20:55:16,42.33,142.37,53.85,82,100,6.98
149,Myanaung,MM,2020-05-26 20:55:16,18.28,95.32,82.31,68,76,2.42
150,Dauriya,RU,2020-05-26 20:55:16,49.93,116.87,53.53,44,68,5.59
151,Balkanabat,TM,2020-05-26 20:55:16,39.51,54.37,70.02,53,0,7.27
152,Inirida,CO,2020-05-26 20:55:17,3.87,-67.92,84.07,73,73,3.8
153,Ixtapa,MX,2020-05-26 20:55:17,20.7,-105.2,81.0,65,20,11.41
154,Chokurdakh,RU,2020-05-26 20:55:17,70.63,147.92,47.17,52,91,14.25
155,Byron Bay,AU,2020-05-26 20:55:17,-28.65,153.62,62.6,82,90,8.05
156,Mount Isa,AU,2020-05-26 20:55:17,-20.73,139.5,42.8,81,6,6.26
157,Sao Joao Da Barra,BR,2020-05-26 20:55:17,-21.64,-41.05,73.4,60,30,12.75
158,Joshimath,IN,2020-05-26 20:55:17,30.57,79.57,58.77,34,85,7.18
159,Kodinsk,RU,2020-05-26 20:55:18,58.69,99.18,44.8,77,100,9.57
160,Udomlya,RU,2020-05-26 20:55:18,57.88,34.99,47.08,76,95,0.65
161,Tiksi,RU,2020-05-26 20:55:18,71.69,128.87,30.16,98,100,19.17
162,Vranestica,MK,2020-05-26 20:55:18,41.45,21.03,45.03,81,100,4.94
163,Sao Filipe,CV,2020-05-26 20:55:18,14.9,-24.5,75.49,71,12,10.29
164,Les Cayes,HT,2020-05-26 20:55:18,18.2,-73.75,84.34,68,61,8.57
165,Bulaevo,KZ,2020-05-26 20:55:18,54.91,70.44,51.04,76,12,7.49
166,Porto-Vecchio,FR,2020-05-26 20:55:18,41.59,9.28,68.0,88,100,5.82
167,Muros,ES,2020-05-26 20:55:18,42.78,-9.06,73.99,45,0,4.0
168,Bambous Virieux,MU,2020-05-26 20:55:19,-20.34,57.76,73.99,78,20,11.41
169,Ahuimanu,US,2020-05-26 20:55:19,21.44,-157.84,82.4,65,75,9.17
170,Cabedelo,BR,2020-05-26 20:55:19,-6.98,-34.83,82.4,83,51,5.82
171,Saint-Augustin,CA,2020-05-26 20:55:19,51.23,-58.65,55.81,83,98,5.44
172,Rolla,US,2020-05-26 20:53:48,37.95,-91.77,79.0,73,90,9.17
173,Helong,CN,2020-05-26 20:55:19,42.54,129.0,49.66,67,53,7.4
174,Itaguai,BR,2020-05-26 20:55:20,-22.85,-43.78,69.8,56,0,8.05
175,San Jose,US,2020-05-26 20:54:39,37.34,-121.89,98.01,26,20,6.93
176,Oro Valley,US,2020-05-26 20:55:20,32.39,-110.97,98.01,6,0,4.0
177,Batagay,RU,2020-05-26 20:55:20,67.63,134.63,59.41,69,2,4.63
178,Los Llanos De Aridane,ES,2020-05-26 20:55:20,28.66,-17.92,69.8,83,90,12.75
179,Severo-Kurilsk,RU,2020-05-26 20:55:21,50.68,156.12,39.09,90,74,10.6
180,Lunenburg,CA,2020-05-26 20:55:21,44.38,-64.32,73.0,74,99,1.01
181,Leningradskiy,RU,2020-05-26 20:55:21,69.38,178.42,33.12,94,0,3.67
182,Grafton,US,2020-05-26 20:55:21,42.21,-71.69,86.0,54,40,6.93
183,Airai,TL,2020-05-26 20:55:21,-8.93,125.41,59.63,100,12,1.41
184,Lufilufi,WS,2020-05-26 20:55:21,-13.87,-171.6,87.01,74,30,5.01
185,Maniitsoq,GL,2020-05-26 20:55:21,65.42,-52.9,33.84,96,100,6.62
186,Yerbogachen,RU,2020-05-26 20:55:21,61.28,108.01,40.91,68,0,7.05
187,Alice Springs,AU,2020-05-26 20:55:22,-23.7,133.88,59.0,51,90,5.82
188,Thompson,CA,2020-05-26 20:55:22,55.74,-97.86,77.0,27,75,8.05
189,Winsum,NL,2020-05-26 20:55:22,53.33,6.52,57.99,76,34,4.7
190,East London,ZA,2020-05-26 20:55:22,-33.02,27.91,52.23,71,32,27.13
191,San Rafael,AR,2020-05-26 20:51:32,-34.62,-68.33,72.54,21,0,14.83
192,Krasnoselkup,RU,2020-05-26 20:55:22,65.7,82.47,34.2,86,0,18.32
193,Iroquois Falls,CA,2020-05-26 20:55:22,48.77,-80.68,80.6,65,75,2.24
194,Atuona,PF,2020-05-26 20:55:23,-9.8,-139.03,81.34,75,19,14.54
195,Kaitangata,NZ,2020-05-26 20:55:23,-46.28,169.85,46.0,78,33,5.82
196,Iqaluit,CA,2020-05-26 20:55:23,63.75,-68.51,32.0,94,90,20.8
197,Bonavista,CA,2020-05-26 20:55:23,48.65,-53.11,48.78,78,100,22.1
198,Lower Burrell,US,2020-05-26 20:55:23,40.55,-79.76,89.01,40,1,1.99
199,Alyangula,AU,2020-05-26 20:55:23,-13.85,136.42,55.4,100,99,3.36
200,Bonthe,SL,2020-05-26 20:55:23,7.53,-12.51,80.17,83,91,6.42
201,Evanston,US,2020-05-26 20:55:16,42.04,-87.69,87.8,45,75,13.87
202,Abha,SA,2020-05-26 20:55:24,18.22,42.51,68.0,42,34,1.39
203,Nome,US,2020-05-26 20:55:24,64.5,-165.41,55.99,53,75,12.75
204,Bethausen,RO,2020-05-26 20:55:24,45.83,21.95,55.99,87,44,8.05
205,Kaseda,JP,2020-05-26 20:55:24,31.42,130.32,64.0,100,100,3.0
206,Aklavik,CA,2020-05-26 20:55:24,68.22,-135.01,41.0,87,40,11.41
207,San Quintin,MX,2020-05-26 20:55:24,30.48,-115.95,73.81,58,0,12.17
208,Bernalillo,US,2020-05-26 20:55:25,35.05,-106.67,80.01,17,20,4.7
209,Praia Da Vitoria,PT,2020-05-26 20:55:25,38.73,-27.07,68.0,82,20,6.4
210,Homer,US,2020-05-26 20:55:25,59.64,-151.55,51.8,57,75,12.75
211,Salinopolis,BR,2020-05-26 20:52:06,-0.61,-47.36,81.07,80,3,8.72
212,Nelson Bay,AU,2020-05-26 20:52:52,-32.72,152.15,55.99,93,90,9.17
213,Deputatskiy,RU,2020-05-26 20:55:25,69.3,139.9,37.74,91,100,5.5
214,New Norfolk,AU,2020-05-26 20:55:25,-42.78,147.06,37.0,90,0,3.09
215,Celestun,MX,2020-05-26 20:55:25,20.87,-90.4,87.6,65,9,11.95
216,Davila,PH,2020-05-26 20:55:26,18.47,120.58,82.42,76,79,8.3
217,Fukue,JP,2020-05-26 20:55:26,32.69,128.84,66.51,76,93,11.52
218,Faya,SA,2020-05-26 20:55:26,18.39,42.45,68.0,42,31,1.14
219,Sistranda,NO,2020-05-26 20:55:26,63.73,8.83,50.0,87,40,11.41
220,Umm Kaddadah,SD,2020-05-26 20:55:26,13.6,26.69,88.21,11,94,11.25
221,Padang,ID,2020-05-26 20:55:26,-0.95,100.35,80.85,66,100,2.42
222,Baker City,US,2020-05-26 20:55:26,44.77,-117.83,69.8,46,20,6.93
223,Andros Town,BS,2020-05-26 20:55:26,24.7,-77.77,84.2,79,90,16.11
224,Esperance,AU,2020-05-26 20:55:27,-33.87,121.9,46.4,93,0,10.29
225,Middle Island,US,2020-05-26 20:55:27,40.88,-72.94,71.6,68,1,6.93
226,Sivaki,RU,2020-05-26 20:55:27,52.63,126.75,55.17,48,0,2.77
227,Caravelas,BR,2020-05-26 20:55:27,-17.71,-39.25,76.26,90,98,3.65
228,Vila Velha,BR,2020-05-26 20:54:55,-20.33,-40.29,75.2,57,1,8.05
229,Ola,RU,2020-05-26 20:55:27,59.58,151.28,43.07,63,43,8.52
230,Lagoa,PT,2020-05-26 20:55:27,39.05,-27.98,65.12,87,11,9.15
231,Puerto Escondido,MX,2020-05-26 20:55:27,15.85,-97.07,80.6,74,40,14.99
232,Bengkulu,ID,2020-05-26 20:55:28,-3.8,102.27,76.98,85,100,2.17
233,Cambrils,ES,2020-05-26 20:55:28,41.07,1.05,72.0,82,0,1.12
234,Khatanga,RU,2020-05-26 20:55:28,71.97,102.5,30.15,93,29,13.87
235,Skegness,GB,2020-05-26 20:55:28,53.14,0.34,63.0,68,84,1.01
236,Suluq,LY,2020-05-26 20:55:28,31.67,20.25,66.24,65,0,14.12
237,Ust-Kulom,RU,2020-05-26 20:55:28,61.69,53.69,46.65,82,49,1.3
238,Pimentel,PE,2020-05-26 20:55:28,-6.84,-79.93,70.2,80,91,11.21
239,Camacari,BR,2020-05-26 20:51:29,-12.7,-38.32,80.6,88,75,4.7
240,Hasaki,JP,2020-05-26 20:55:29,35.73,140.83,66.2,100,75,2.24
241,Vestmannaeyjar,IS,2020-05-26 20:55:29,63.44,-20.27,44.87,75,80,16.8
242,Mount Gambier,AU,2020-05-26 20:55:29,-37.83,140.77,51.8,66,40,10.29
243,San Juan,AR,2020-05-26 20:55:29,-31.54,-68.54,75.4,18,0,7.18
244,Tazovskiy,RU,2020-05-26 20:55:29,67.47,78.7,32.34,94,0,13.06
245,Axim,GH,2020-05-26 20:55:29,4.87,-2.24,79.16,86,79,9.19
246,Moranbah,AU,2020-05-26 20:55:29,-22.0,148.05,51.8,80,15,3.27
247,San Jeronimo,PE,2020-05-26 20:55:30,-11.95,-75.28,58.68,35,1,8.7
248,Guerrero Negro,MX,2020-05-26 20:55:30,27.98,-114.06,75.94,51,86,16.11
249,Meadow Lake,US,2020-05-26 20:55:30,34.8,-106.54,84.0,17,20,4.7
250,Haines Junction,CA,2020-05-26 20:55:30,60.75,-137.51,51.04,44,40,7.76
251,Male,MV,2020-05-26 20:55:02,4.17,73.51,84.2,89,40,11.41
252,Englehart,CA,2020-05-26 20:55:30,47.82,-79.87,78.8,74,1,5.82
253,Kavaratti,IN,2020-05-26 20:55:30,10.57,72.64,84.54,77,33,11.65
254,Prince George,CA,2020-05-26 20:55:31,53.92,-122.75,55.99,34,20,16.11
255,Linjiang,CN,2020-05-26 20:55:31,41.81,126.91,44.94,86,6,1.34
256,Hofn,IS,2020-05-26 20:55:31,64.25,-15.21,48.09,66,38,14.61
257,Carbonia,IT,2020-05-26 20:53:00,39.17,8.52,69.01,88,20,3.36
258,Trat,TH,2020-05-26 20:55:31,12.5,102.5,78.01,91,100,0.98
259,Salekhard,RU,2020-05-26 20:55:31,66.53,66.6,37.51,76,0,3.58
260,Sorland,NO,2020-05-26 20:55:31,67.67,12.69,46.4,93,75,16.11
261,Sungaipenuh,ID,2020-05-26 20:55:31,-2.08,101.38,66.25,85,100,2.95
262,Hobart,AU,2020-05-26 20:55:02,-42.88,147.33,44.01,81,20,10.29
263,Cukai,MY,2020-05-26 20:55:32,4.25,103.42,78.8,94,100,4.36
264,Ilulissat,GL,2020-05-26 20:55:32,69.22,-51.1,33.8,64,40,5.82
265,Yagodnoye,RU,2020-05-26 20:55:32,62.55,149.67,38.84,70,2,0.85
266,Forbes,AU,2020-05-26 20:55:32,-33.38,148.02,48.99,85,48,4.45
267,Shemonaikha,KZ,2020-05-26 20:55:32,50.63,81.91,59.05,68,11,8.9
268,Husavik,IS,2020-05-26 20:55:32,66.04,-17.34,50.0,39,20,17.22
269,Naze,JP,2020-05-26 20:55:32,28.37,129.48,73.4,100,75,11.41
270,Klaksvik,FO,2020-05-26 20:55:33,62.23,-6.59,46.4,81,11,11.41
271,Egvekinot,RU,2020-05-26 20:55:33,66.32,-179.17,33.03,98,97,2.24
272,Phetchabun,TH,2020-05-26 20:55:33,16.25,101.08,78.03,85,90,1.45
273,Vaitape,PF,2020-05-26 20:55:33,-16.52,-151.75,82.9,72,13,5.12
274,Kongoussi,BF,2020-05-26 20:55:33,13.33,-1.53,94.48,31,87,3.76
275,Baruun-Urt,MN,2020-05-26 20:55:33,46.68,113.28,49.82,54,0,8.16
276,Bardiyah,LY,2020-05-26 20:55:33,31.76,25.09,67.46,72,0,14.54
277,Ostrovnoy,RU,2020-05-26 20:55:33,68.05,39.51,40.95,67,0,7.09
278,Laguna,US,2020-05-26 20:55:34,38.42,-121.42,100.99,22,1,3.96
279,Jalu,LY,2020-05-26 20:55:34,29.03,21.55,73.94,44,0,14.56
280,Ozernovskiy,RU,2020-05-26 20:55:34,51.5,156.52,38.57,93,97,6.89
281,Zhigansk,RU,2020-05-26 20:55:34,66.77,123.37,48.52,79,9,12.08
282,Te Anau,NZ,2020-05-26 20:55:34,-45.42,167.72,39.58,87,46,1.19
283,Tucurui,BR,2020-05-26 20:55:34,-3.77,-49.67,80.64,79,86,3.06
284,Tecoanapa,MX,2020-05-26 20:55:34,16.52,-98.75,85.93,59,100,13.76
285,Boundiali,CI,2020-05-26 20:55:35,9.52,-6.49,75.02,86,84,4.18
286,Youkounkoun,GN,2020-05-26 20:55:04,12.53,-13.13,91.22,19,0,3.38
287,Linhares,BR,2020-05-26 20:53:06,-19.39,-40.07,69.3,79,7,5.86
288,Kidal,ML,2020-05-26 20:55:35,18.44,1.41,92.84,19,16,6.17
289,Dikson,RU,2020-05-26 20:55:35,73.51,80.55,29.59,98,1,13.62
290,Bukama,CD,2020-05-26 20:55:35,-9.2,25.85,70.03,61,0,1.95
291,Torata,PE,2020-05-26 20:55:35,-17.08,-70.84,66.78,26,0,5.14
292,Puerto Madryn,AR,2020-05-26 20:54:26,-42.77,-65.04,63.18,34,100,7.78
293,Calvinia,ZA,2020-05-26 20:55:36,-31.47,19.78,40.06,81,69,3.87
294,Saint George,US,2020-05-26 20:54:15,37.1,-113.58,91.99,11,1,3.36
295,Tilichiki,RU,2020-05-26 20:55:36,60.47,166.1,36.45,91,84,2.21
296,Peniche,PT,2020-05-26 20:55:36,39.36,-9.38,68.0,70,0,5.99
297,Kallaste,EE,2020-05-26 20:55:36,58.66,27.16,50.0,76,0,3.36
298,Coracao De Jesus,BR,2020-05-26 20:55:36,-16.69,-44.37,78.8,50,20,9.17
299,Kirensk,RU,2020-05-26 20:55:37,57.79,108.11,50.7,72,100,3.91
300,Plettenberg Bay,ZA,2020-05-26 20:55:37,-34.05,23.37,51.26,74,73,13.76
301,Lavumisa,SZ,2020-05-26 20:55:37,-27.31,31.89,55.4,67,27,3.94
302,Saint Anthony,US,2020-05-26 20:55:37,45.02,-93.22,82.4,61,75,6.93
303,Daoukro,CI,2020-05-26 20:55:38,7.06,-3.96,73.78,96,84,3.78
304,Obihiro,JP,2020-05-26 20:55:38,42.92,143.2,49.84,92,100,1.01
305,Vostok,RU,2020-05-26 20:55:38,46.49,135.88,43.97,96,13,1.52
306,Kalmunai,LK,2020-05-26 20:55:38,7.42,81.82,80.78,84,100,3.27
307,Port Hardy,CA,2020-05-26 20:55:38,50.7,-127.42,59.0,54,20,11.41
308,Akyab,MM,2020-05-26 20:53:26,20.15,92.9,83.61,79,43,6.31
309,Itaituba,BR,2020-05-26 20:55:38,-4.28,-55.98,79.83,94,28,1.74
310,Zhigalovo,RU,2020-05-26 20:55:38,54.81,105.16,55.24,78,100,6.04
311,Ancud,CL,2020-05-26 20:55:39,-41.87,-73.82,55.99,66,20,8.05
312,Luderitz,NA,2020-05-26 20:55:39,-26.65,15.16,55.4,58,0,12.75
313,Belmonte,BR,2020-05-26 20:55:39,-15.86,-38.88,80.6,83,40,8.05
314,Busayra,JO,2020-05-26 20:55:39,30.74,35.61,66.33,37,0,2.93
315,Shingu,JP,2020-05-26 20:55:39,33.73,135.98,65.41,90,97,4.18
316,Teguise,ES,2020-05-26 20:55:40,29.06,-13.56,71.6,73,20,18.34
317,Hue,VN,2020-05-26 20:55:40,16.47,107.6,82.4,83,40,2.24
318,Kalengwa,ZM,2020-05-26 20:55:40,-13.47,25.0,60.35,51,0,2.73
319,Vardo,NO,2020-05-26 20:55:40,70.37,31.11,48.2,61,2,9.17
320,Nara,JP,2020-05-26 20:55:40,34.69,135.8,64.99,100,75,1.12
321,Brzeg,PL,2020-05-26 20:55:40,50.86,17.47,51.01,93,0,1.12
322,Bud,US,2020-05-26 20:55:40,39.45,-86.18,87.01,54,58,7.25
323,Sorkjosen,NO,2020-05-26 20:55:40,69.8,20.93,50.02,62,88,6.42
324,Petropavlovsk-Kamchatskiy,RU,2020-05-26 20:55:41,53.05,158.65,42.8,75,75,2.24
325,Kalabo,ZM,2020-05-26 20:55:41,-14.97,22.68,62.22,42,35,0.92
326,Songjianghe,CN,2020-05-26 20:55:41,42.19,127.48,42.62,93,73,5.1
327,Manado,ID,2020-05-26 20:55:41,1.49,124.85,75.2,94,20,2.24
328,Port Blair,IN,2020-05-26 20:53:16,11.67,92.75,83.55,82,82,9.62
329,Mitu,CO,2020-05-26 20:55:41,1.2,-70.17,82.26,70,95,3.06
330,Mahebourg,MU,2020-05-26 20:55:42,-20.41,57.7,73.4,78,20,11.41
331,Hirara,JP,2020-05-26 20:55:42,24.8,125.28,79.99,86,99,5.46
332,Butembo,CD,2020-05-26 20:55:04,0.15,29.28,57.65,98,42,2.91
333,Escanaba,US,2020-05-26 20:54:06,45.75,-87.06,82.99,61,1,10.29
334,Boden,SE,2020-05-26 20:55:42,65.83,21.69,51.8,71,100,8.05
335,Avanigadda,IN,2020-05-26 20:53:27,16.02,80.92,83.23,82,27,7.43
336,Tempio Pausania,IT,2020-05-26 20:55:42,40.9,9.1,62.6,72,100,6.93
337,Leh,IN,2020-05-26 20:55:42,34.17,77.58,45.61,44,76,8.61
338,Port Shepstone,ZA,2020-05-26 20:55:42,-30.74,30.45,58.26,47,0,23.89
339,Lawrenceburg,US,2020-05-26 20:52:43,38.04,-84.9,86.0,48,75,4.47
340,Bubaque,GW,2020-05-26 20:55:43,11.28,-15.83,78.89,82,0,17.34
341,Taoudenni,ML,2020-05-26 20:55:43,22.68,-3.98,93.72,11,0,7.02
342,Nibbar,TN,2020-05-26 20:55:43,36.29,8.77,71.6,56,20,6.93
343,Codrington,AU,2020-05-26 20:55:43,-38.27,141.97,52.07,62,99,12.68
344,La Ronge,CA,2020-05-26 20:55:43,55.1,-105.28,57.2,82,75,4.7
345,Pevek,RU,2020-05-26 20:55:44,69.7,170.31,33.48,91,16,7.18
346,Marsa Matruh,EG,2020-05-26 20:55:44,31.35,27.25,68.0,72,40,11.41
347,Basco,PH,2020-05-26 20:55:44,20.45,121.97,83.77,83,38,14.56
348,Golkoy,TR,2020-05-26 20:55:44,40.69,37.62,48.87,77,36,1.23
349,Tianpeng,CN,2020-05-26 20:55:44,30.99,103.94,66.99,1,100,2.89
350,Tura,IN,2020-05-26 20:55:44,25.52,90.22,74.39,94,98,7.7
351,Knyaze-Volkonskoye,RU,2020-05-26 20:55:44,48.46,135.46,51.8,93,20,4.47
352,Porteirinha,BR,2020-05-26 20:55:44,-15.74,-43.03,73.31,75,7,2.39
353,Ulladulla,AU,2020-05-26 20:55:45,-35.35,150.47,54.0,100,75,3.36
354,Kandrian,PG,2020-05-26 20:55:45,-6.22,149.55,78.96,86,32,7.18
355,Dingzhou,CN,2020-05-26 20:55:45,38.51,115.0,57.2,82,0,2.24
356,Diego De Almagro,CL,2020-05-26 20:55:45,-26.37,-70.05,74.79,28,0,4.92
357,Oyama,JP,2020-05-26 20:55:45,36.3,139.8,70.0,88,75,3.36
358,Kahului,US,2020-05-26 20:55:46,20.89,-156.47,84.2,54,40,13.87
359,Takanabe,JP,2020-05-26 20:55:46,32.13,131.5,65.3,80,80,5.23
360,Mildura,AU,2020-05-26 20:55:46,-34.2,142.15,48.2,76,57,4.7
361,America Dourada,BR,2020-05-26 20:53:03,-11.46,-41.44,78.24,54,100,4.65
362,Upata,VE,2020-05-26 20:55:46,8.01,-62.4,93.99,53,100,5.01
363,Westport,US,2020-05-26 20:55:46,41.14,-73.36,80.01,64,1,6.93
364,Port Elizabeth,ZA,2020-05-26 20:55:46,-33.92,25.57,46.4,87,88,13.87
365,Marica,BR,2020-05-26 20:55:46,-22.92,-42.82,71.6,49,0,11.41
366,Pushkinskiye Gory,RU,2020-05-26 20:55:47,57.02,28.91,47.79,68,23,3.2
367,Esmeraldas,BR,2020-05-26 20:55:47,-19.76,-44.31,68.0,48,0,11.41
368,Port-Gentil,GA,2020-05-26 20:55:47,-0.72,8.78,80.6,94,75,8.05
369,Sangar,RU,2020-05-26 20:55:47,63.92,127.47,59.95,55,0,3.33
370,Praya,CV,2020-05-26 20:55:47,14.92,-23.51,77.0,69,20,8.05
371,Rochester,US,2020-05-26 20:54:00,43.15,-77.62,91.4,36,20,9.17
372,Seybaplaya,MX,2020-05-26 20:55:47,19.65,-90.67,91.4,66,5,9.17
373,San Andres,CO,2020-05-26 20:55:48,12.58,-81.7,87.8,74,75,9.17
374,Lazaro Cardenas,MX,2020-05-26 20:55:48,17.96,-102.2,82.17,59,83,11.86
375,Traralgon,AU,2020-05-26 20:55:48,-38.18,146.53,42.01,98,95,0.54
376,Avera,US,2020-05-26 20:55:48,33.19,-82.53,73.99,87,90,6.93
377,Ilheus,BR,2020-05-26 20:55:48,-14.79,-39.05,82.4,83,20,11.41
378,Finschhafen,PG,2020-05-26 20:55:48,-6.6,147.87,81.01,76,47,7.78
379,Florianopolis,BR,2020-05-26 20:54:15,-27.61,-48.5,64.4,52,0,9.17
380,Morrope,PE,2020-05-26 20:55:48,-6.54,-80.01,74.77,68,92,13.02
381,San Clemente,US,2020-05-26 20:55:49,33.43,-117.61,84.99,63,0,1.01
382,Port Hedland,AU,2020-05-26 20:55:49,-20.32,118.57,59.0,82,0,8.05
383,Halifax,CA,2020-05-26 20:51:23,44.65,-63.57,75.99,69,100,14.34
384,Opuwo,NA,2020-05-26 20:55:49,-18.06,13.84,56.64,41,12,3.04
385,Kirkenaer,NO,2020-05-26 20:55:49,60.46,12.06,55.0,54,35,4.38
386,Arman,RU,2020-05-26 20:55:49,59.7,150.17,43.21,63,0,4.34
387,Springfield,US,2020-05-26 20:52:45,37.22,-93.3,75.99,73,20,13.87
388,Camacha,PT,2020-05-26 20:55:50,33.08,-16.33,64.4,82,20,14.99
389,Tinaquillo,VE,2020-05-26 20:55:50,9.92,-68.3,84.65,65,98,2.95
390,Kashi,CN,2020-05-26 20:55:50,39.45,75.98,71.6,19,0,8.95
391,Talakan,RU,2020-05-26 20:55:50,50.32,130.37,50.72,73,83,1.12
392,Shaoxing,CN,2020-05-26 20:55:50,30.01,120.57,66.2,93,20,4.47
393,Lac Du Bonnet,CA,2020-05-26 20:55:50,50.25,-96.06,64.99,87,100,1.74
394,Raudeberg,NO,2020-05-26 20:55:50,61.99,5.14,48.99,88,54,18.19
395,Harper,LR,2020-05-26 20:55:51,4.38,-7.72,76.15,91,100,3.09
396,Khash,IR,2020-05-26 20:55:51,28.22,61.22,78.28,17,0,11.45
397,Lake Forest,US,2020-05-26 20:51:51,33.65,-117.69,84.99,53,20,9.17
398,Longyearbyen,SJ,2020-05-26 20:55:51,78.22,15.64,44.6,85,40,26.4
399,Nuuk,GL,2020-05-26 20:55:51,64.18,-51.72,35.6,93,90,19.46
400,Maragogi,BR,2020-05-26 20:55:51,-9.01,-35.22,77.85,89,100,11.03
401,Sitka,US,2020-05-26 20:55:51,57.05,-135.33,50.0,71,75,3.36
402,Vanavara,RU,2020-05-26 20:55:52,60.34,102.28,39.2,72,23,6.51
403,Fare,PF,2020-05-26 20:55:52,-16.7,-151.02,82.85,70,4,2.39
404,Presidencia Roque Saenz Pena,AR,2020-05-26 20:55:52,-26.79,-60.44,63.12,49,0,3.76
405,Menongue,AO,2020-05-26 20:55:52,-14.66,17.69,59.02,45,39,1.48
406,Custodia,BR,2020-05-26 20:55:52,-8.09,-37.64,73.36,87,97,5.7
407,Tuatapere,NZ,2020-05-26 20:55:52,-46.13,167.68,44.08,86,43,4.03
408,Finnsnes,NO,2020-05-26 20:55:52,69.23,17.98,46.4,70,75,17.22
409,Khor,RU,2020-05-26 20:55:53,47.89,134.95,50.31,86,100,3.94
410,La Joya,MX,2020-05-26 20:55:53,18.67,-99.47,98.01,14,40,11.41
411,Jatai,BR,2020-05-26 20:51:04,-17.88,-51.71,60.55,65,0,2.42
412,Moba,CN,2020-05-26 20:55:53,33.23,105.02,44.98,89,100,5.84
413,Mehamn,NO,2020-05-26 20:55:53,71.04,27.85,46.4,65,100,1.12
414,Tocache,PE,2020-05-26 20:55:53,-8.18,-76.51,83.46,62,5,2.64
415,Hereford,GB,2020-05-26 20:55:53,52.06,-2.71,64.0,77,99,4.92
416,Tongren,CN,2020-05-26 20:55:54,27.72,109.19,67.48,82,97,1.66
417,Cockburn Town,TC,2020-05-26 20:55:54,21.46,-71.14,81.73,83,55,14.92
418,Huaral,PE,2020-05-26 20:55:54,-11.49,-77.21,71.6,64,40,6.93
419,Tatawin,TN,2020-05-26 20:55:34,32.93,10.45,71.6,40,7,6.93
420,Sapouy,BF,2020-05-26 20:55:54,11.55,-1.77,88.38,42,43,5.17
421,Agua Dulce,MX,2020-05-26 20:55:54,18.13,-94.13,98.6,35,40,11.41
422,Sibiti,CG,2020-05-26 20:55:54,-3.68,13.35,70.68,99,75,1.32
423,Filadelfia,US,2020-05-26 20:54:21,39.95,-75.16,84.0,51,20,8.37
424,Adrar,MR,2020-05-26 20:55:55,20.5,-10.07,87.94,14,0,2.84
425,Dalvik,IS,2020-05-26 20:55:55,65.97,-18.53,50.0,39,20,17.22
426,Hami,CN,2020-05-26 20:55:55,42.8,93.45,68.52,33,31,1.23
427,Souillac,MU,2020-05-26 20:55:55,-20.52,57.52,73.4,78,20,11.41
428,Ahipara,NZ,2020-05-26 20:55:55,-35.17,173.17,60.89,92,75,7.16
429,Savelugu,GH,2020-05-26 20:55:55,9.62,-0.83,88.59,47,52,5.66
430,Kaeo,NZ,2020-05-26 20:55:55,-35.1,173.78,59.0,3,100,4.68
431,Girona,ES,2020-05-26 20:55:56,41.98,2.82,71.01,77,0,2.42
432,Vagur,FO,2020-05-26 20:55:56,61.47,-6.81,47.84,80,97,27.11
433,Coquimbo,CL,2020-05-26 20:55:56,-29.95,-71.34,60.8,72,90,6.93
434,Ferrol,ES,2020-05-26 20:55:56,43.48,-8.24,68.0,56,0,5.82
435,Chakia,IN,2020-05-26 20:55:56,26.42,85.05,85.39,53,17,14.61
436,Jablah,SY,2020-05-26 20:55:56,35.36,35.93,66.2,77,69,4.7
437,Samarai,PG,2020-05-26 20:55:56,-10.62,150.67,80.1,88,13,8.86
438,Kristiansund,NO,2020-05-26 20:55:56,63.11,7.73,50.0,76,75,17.22
439,Lavrentiya,RU,2020-05-26 20:55:57,65.58,-171.0,36.59,90,99,8.48
440,Yongan,CN,2020-05-26 20:55:57,39.7,113.69,48.43,68,0,7.23
441,Nanyamba,TZ,2020-05-26 20:55:57,-10.68,39.83,73.4,88,20,2.33
442,Marawi,PH,2020-05-26 20:55:57,8.0,124.29,75.0,85,63,5.99
443,Beringovskiy,RU,2020-05-26 20:55:57,63.05,179.32,33.98,95,100,4.9
444,Shu,KZ,2020-05-26 20:55:57,43.6,73.76,69.1,40,0,5.99
445,Coari,BR,2020-05-26 20:55:57,-4.08,-63.14,82.65,83,9,2.55
446,Ayan,RU,2020-05-26 20:55:58,56.45,138.17,36.86,95,100,9.28
447,Koraput,IN,2020-05-26 20:55:58,18.82,82.72,79.95,54,35,6.35
448,Bombay,IN,2020-05-26 20:55:58,19.01,72.85,86.0,79,40,9.17
449,Batsfjord,NO,2020-05-26 20:55:58,70.63,29.72,48.2,74,18,6.93
450,Yulara,AU,2020-05-26 20:55:58,-25.24,130.99,53.6,87,90,4.7
451,Angoram,PG,2020-05-26 20:55:58,-4.06,144.07,75.38,98,31,2.13
452,Hauge,NO,2020-05-26 20:55:58,58.34,6.28,48.0,95,41,12.64
453,Cherskiy,RU,2020-05-26 20:55:59,68.75,161.3,51.33,43,38,7.43
454,Launceston,AU,2020-05-26 20:55:59,-41.45,147.17,46.99,93,90,1.12
455,Minab,IR,2020-05-26 20:55:59,27.15,57.08,86.0,66,0,4.7
456,Nantucket,US,2020-05-26 20:53:45,41.28,-70.1,66.2,88,75,8.05
457,Murray Bridge,AU,2020-05-26 20:55:59,-35.12,139.27,52.0,79,53,3.0
458,Aswan,EG,2020-05-26 20:55:59,24.09,32.91,81.41,15,0,11.3
459,Karpinsk,RU,2020-05-26 20:55:59,59.77,60.01,46.42,93,75,1.79
460,Prince Rupert,CA,2020-05-26 20:56:00,54.32,-130.32,51.8,81,1,6.93
461,Lamar,US,2020-05-26 20:56:00,33.67,-95.58,73.99,77,90,5.82
462,Linguere,SN,2020-05-26 20:56:00,15.4,-15.12,92.19,13,0,10.4
463,Cavalcante,BR,2020-05-26 20:53:05,-13.8,-47.46,69.62,85,22,2.19
464,Siyabuswa,ZA,2020-05-26 20:56:00,-25.11,29.04,53.28,39,5,12.97
465,Parana,AR,2020-05-26 20:56:01,-31.73,-60.52,66.99,55,0,5.12
466,Oka,CA,2020-05-26 20:56:01,45.46,-74.09,91.4,46,40,5.82
467,Ziro,IN,2020-05-26 20:56:01,27.63,93.83,50.94,100,100,1.03
468,Pringsewu,ID,2020-05-26 20:56:01,-5.36,104.97,74.8,92,100,1.39
469,Marand,IR,2020-05-26 20:56:01,38.43,45.77,64.4,42,20,4.7
470,Noumea,NC,2020-05-26 20:53:18,-22.28,166.46,73.99,73,0,2.24
471,Asau,RO,2020-05-26 20:56:01,46.43,26.4,52.0,100,75,5.82
472,Dingle,PH,2020-05-26 20:56:02,11.0,122.67,77.83,81,0,2.95
473,Omboue,GA,2020-05-26 20:56:02,-1.57,9.26,78.44,87,100,7.9
474,Wattegama,LK,2020-05-26 20:56:02,6.8,81.48,76.71,87,100,4.74
475,Labuhan,ID,2020-05-26 20:56:02,-6.88,112.21,79.14,88,40,8.79
476,Aden,YE,2020-05-26 20:56:00,12.78,45.04,87.98,76,0,8.43
477,Edgewater,US,2020-05-26 20:56:02,28.99,-80.9,86.0,78,75,9.17
478,Craig,US,2020-05-26 20:56:02,40.52,-107.55,73.4,23,20,8.05
479,Prieska,ZA,2020-05-26 20:56:03,-29.66,22.75,41.29,64,0,6.46
480,Nushki,PK,2020-05-26 20:56:03,29.55,66.02,79.32,15,0,5.35
481,Darhan,MN,2020-05-26 20:56:03,49.49,105.92,53.91,78,100,9.19
482,Victor Harbor,AU,2020-05-26 20:56:03,-35.57,138.62,53.01,79,12,3.0
483,Hay River,CA,2020-05-26 20:56:03,60.82,-115.8,37.4,74,75,6.93
484,Geraldton,AU,2020-05-26 20:56:03,-28.77,114.6,57.2,87,40,6.93
485,Bitung,ID,2020-05-26 20:56:03,1.45,125.18,75.2,94,20,2.24
486,Coihaique,CL,2020-05-26 20:56:03,-45.58,-72.07,50.0,61,75,8.05
487,Isangel,VU,2020-05-26 20:56:04,-19.55,169.27,71.6,88,20,14.54
488,Guaratinga,BR,2020-05-26 20:52:39,-16.57,-39.57,80.6,83,40,8.05
489,Talcahuano,CL,2020-05-26 20:56:04,-36.72,-73.12,62.6,82,0,10.29
490,San Vicente,AR,2020-05-26 20:56:04,-26.62,-54.13,52.66,78,0,1.59
491,Aitape,PG,2020-05-26 20:56:04,-3.14,142.35,79.29,85,22,4.79
492,Moron,AR,2020-05-26 20:51:18,-34.65,-58.62,62.01,56,0,1.36
493,Oranjemund,NA,2020-05-26 20:56:04,-28.55,16.43,54.05,75,0,11.52
494,Poum,NC,2020-05-26 20:56:04,-20.23,164.02,74.93,70,1,13.29
495,Manzanares,ES,2020-05-26 20:56:05,39.0,-3.37,73.4,56,20,8.05
496,Malayal,PH,2020-05-26 20:56:05,7.21,121.94,80.92,82,74,0.6
497,Coatepec,MX,2020-05-26 20:53:18,19.45,-96.97,81.73,61,38,4.65
498,Atbasar,KZ,2020-05-26 20:56:05,51.8,68.33,56.39,74,0,11.5
499,Kovdor,RU,2020-05-26 20:56:05,67.57,30.48,43.97,78,27,4.0
500,Langarud,IR,2020-05-26 20:56:05,37.2,50.15,66.2,88,75,2.39
501,Auki,SB,2020-05-26 20:56:05,-8.77,160.7,81.37,79,100,3.11
502,Mezen,RU,2020-05-26 20:56:06,65.85,44.24,47.3,80,10,4.65
503,Port Augusta,AU,2020-05-26 20:56:06,-32.5,137.77,48.99,81,30,9.17
504,Cururupu,BR,2020-05-26 20:56:06,-1.83,-44.87,77.99,88,32,2.68
505,Dengzhou,CN,2020-05-26 20:56:06,37.81,120.75,59.54,85,0,10.2
506,Bellegarde-Sur-Valserine,FR,2020-05-26 20:56:06,46.11,5.82,64.4,48,2,5.82
507,Talnakh,RU,2020-05-26 20:56:06,69.49,88.4,32.0,93,75,22.37
508,Vilhena,BR,2020-05-26 20:56:06,-12.74,-60.15,70.99,63,0,3.09
509,Shitanjing,CN,2020-05-26 20:56:07,39.23,106.34,58.55,32,0,12.17
510,Havelock,US,2020-05-26 20:56:07,34.88,-76.9,75.2,69,90,10.29
511,Calumet City,US,2020-05-26 20:54:55,41.62,-87.53,84.2,65,75,11.9
512,Cam Ranh,VN,2020-05-26 20:56:07,11.92,109.16,84.2,79,40,4.7
513,Klyuchi,RU,2020-05-26 20:56:07,52.27,79.17,57.79,64,54,15.35
514,Smithers,CA,2020-05-26 20:56:07,54.78,-127.17,50.0,57,75,14.99
515,Hefei,CN,2020-05-26 20:56:07,31.86,117.28,72.0,83,100,6.71
516,Olafsvik,IS,2020-05-26 20:56:07,64.89,-23.71,44.47,77,42,22.53
517,Pacific Grove,US,2020-05-26 20:55:58,36.62,-121.92,91.99,53,1,5.82
518,Udachnyy,RU,2020-05-26 20:56:08,66.42,112.4,37.4,100,90,11.18
519,Alekseyevka,RU,2020-05-26 20:56:08,50.63,38.69,47.23,94,11,3.85
520,Villa Carlos Paz,AR,2020-05-26 20:56:08,-31.42,-64.5,80.6,27,0,12.75
521,Port Keats,AU,2020-05-26 20:56:08,-14.25,129.55,68.49,73,0,5.93
522,Nanakuli,US,2020-05-26 20:56:08,21.39,-158.15,78.8,78,90,8.05
523,Katangli,RU,2020-05-26 20:56:08,51.71,143.23,47.5,73,100,16.44
524,Plato,CO,2020-05-26 20:56:08,9.79,-74.78,87.8,79,100,3.6
525,Nikolayevsk-Na-Amure,RU,2020-05-26 20:56:09,53.14,140.73,55.89,56,98,2.1
526,Manggar,ID,2020-05-26 20:56:09,-2.88,108.27,80.82,84,100,5.17
527,Floro,NO,2020-05-26 20:56:09,61.6,5.03,48.2,93,40,14.99
528,Sobolevo,RU,2020-05-26 20:56:09,54.43,31.9,49.42,83,100,3.31
529,Kichmengskiy Gorodok,RU,2020-05-26 20:56:09,59.98,45.79,48.43,87,100,2.13
530,Malanje,AO,2020-05-26 20:56:09,-9.54,16.34,67.01,70,0,2.17
531,Chicama,PE,2020-05-26 20:56:09,-7.84,-79.15,75.45,64,40,8.63
532,Papar,MY,2020-05-26 20:56:10,5.73,115.93,81.0,88,20,6.93
533,Sinop,TR,2020-05-26 20:56:10,41.77,34.87,46.63,87,79,1.41
534,Poronaysk,RU,2020-05-26 20:56:10,49.22,143.12,45.34,83,0,3.78
535,Rumoi,JP,2020-05-26 20:56:10,43.93,141.64,52.29,88,100,2.89
536,Iranshahr,IR,2020-05-26 20:56:10,27.2,60.68,95.0,26,0,16.11
537,Erzin,TR,2020-05-26 20:56:10,36.96,36.2,72.0,78,53,3.65
538,Lucea,JM,2020-05-26 20:56:10,18.45,-78.17,89.6,62,20,18.34
539,Korla,CN,2020-05-26 20:56:10,41.76,86.15,69.8,29,0,5.48
540,Mabaruma,GY,2020-05-26 20:56:10,8.2,-59.78,82.4,75,100,7.36
541,Zlobin,HR,2020-05-26 20:56:11,45.29,14.65,61.0,51,6,11.41
542,Athabasca,CA,2020-05-26 20:56:11,54.72,-113.29,62.31,36,100,12.46
543,Aksarka,RU,2020-05-26 20:56:11,66.56,67.8,35.17,82,0,0.6
544,Muravlenko,RU,2020-05-26 20:56:11,63.79,74.52,34.18,84,0,13.6
545,Salta,AR,2020-05-26 20:56:11,-24.79,-65.41,73.4,31,0,5.82
546,Okha,RU,2020-05-26 20:56:11,53.57,142.95,42.71,67,90,9.04
547,Bikin,RU,2020-05-26 20:56:11,46.82,134.26,47.43,93,1,1.9
548,Necochea,AR,2020-05-26 20:51:48,-38.55,-58.74,51.01,86,0,1.01
549,Kenai,US,2020-05-26 20:56:12,60.55,-151.26,53.6,46,75,10.29
